episode,return,mean_trace_magnitude
0,47.0,0.27451205253601074
1,15.0,0.07695787400007248
2,17.0,0.18813887238502502
3,25.0,0.22996646165847778
4,11.0,0.18302865326404572
5,35.0,0.18983647227287292
6,51.0,0.10704593360424042
7,46.0,0.14830836653709412
8,28.0,0.26415732502937317
9,18.0,0.17648270726203918
10,15.0,0.21184825897216797
11,23.0,0.22290000319480896
12,22.0,0.2758045494556427
13,15.0,0.39229241013526917
14,28.0,0.27445074915885925
15,30.0,0.12456564605236053
16,17.0,0.1930660456418991
17,36.0,0.3306206464767456
18,25.0,0.3310900926589966
19,15.0,0.27920711040496826
20,13.0,0.2685440480709076
21,22.0,0.3025197386741638
22,12.0,0.41096633672714233
23,17.0,0.09959931671619415
24,37.0,0.11694340407848358
25,24.0,0.25519466400146484
26,21.0,0.08197981119155884
27,12.0,0.2452392280101776
28,14.0,0.2556537985801697
29,15.0,0.12119483947753906
30,22.0,0.5859599113464355
31,22.0,0.16984131932258606
32,9.0,0.34061482548713684
33,26.0,0.4075867831707001
34,42.0,0.7713189125061035
35,17.0,0.4041902422904968
36,14.0,0.35722047090530396
37,10.0,0.4967270493507385
38,20.0,0.19778241217136383
39,13.0,0.30638638138771057
40,19.0,0.32838407158851624
41,16.0,0.06851661950349808
42,15.0,0.5915731191635132
43,17.0,0.32591819763183594
44,14.0,0.5348432660102844
45,29.0,0.06443464010953903
46,24.0,0.0746849924325943
47,10.0,0.7345317602157593
48,24.0,0.11839090287685394
49,43.0,0.7317222356796265
50,15.0,0.15423087775707245
51,17.0,0.6915223598480225
52,12.0,0.03160184994339943
53,31.0,0.2960229814052582
54,18.0,0.03846108168363571
55,13.0,0.49270787835121155
56,14.0,0.40329891443252563
57,50.0,0.11711032688617706
58,14.0,0.388139009475708
59,13.0,0.400172621011734
60,21.0,1.0693025588989258
61,22.0,0.7369070053100586
62,26.0,0.469039648771286
63,8.0,0.6634292006492615
64,14.0,0.3572448790073395
65,33.0,0.4562351703643799
66,9.0,0.5686345100402832
67,9.0,0.8983117341995239
68,11.0,0.015628639608621597
69,40.0,0.0732560008764267
70,17.0,0.6932110786437988
71,20.0,0.7981703281402588
72,13.0,0.9513189196586609
73,10.0,1.2364360094070435
74,20.0,0.507756769657135
75,20.0,0.013063319027423859
76,10.0,1.0686601400375366
77,10.0,0.39814478158950806
78,12.0,0.8829017877578735
79,8.0,0.8038109540939331
80,9.0,0.6785361766815186
81,12.0,0.5707048773765564
82,11.0,0.4048379063606262
83,21.0,1.1550357341766357
84,10.0,0.893186092376709
85,14.0,0.883520781993866
86,13.0,0.7494958639144897
87,29.0,0.014570364728569984
88,25.0,0.019299298524856567
89,17.0,0.778401255607605
90,16.0,0.013940195553004742
91,22.0,0.6098200082778931
92,12.0,0.6346737146377563
93,38.0,0.01627149060368538
94,10.0,1.0061755180358887
95,23.0,0.9021953344345093
96,16.0,0.7942987680435181
97,8.0,0.9765969514846802
98,12.0,1.6643400192260742
99,49.0,0.008825554512441158
100,16.0,1.698678970336914
101,12.0,1.2484389543533325
102,12.0,1.0682628154754639
103,14.0,1.711917519569397
104,8.0,1.1508485078811646
105,14.0,1.2694358825683594
106,9.0,1.0813086032867432
107,15.0,2.297995090484619
108,11.0,1.0058155059814453
109,14.0,0.9180091619491577
110,16.0,1.897341251373291
111,10.0,2.04732608795166
112,15.0,1.8078773021697998
113,11.0,1.7255659103393555
114,8.0,1.387789011001587
115,38.0,4.041727542877197
116,8.0,1.5308953523635864
117,8.0,1.5092421770095825
118,10.0,2.454505443572998
119,9.0,2.1497879028320312
120,8.0,1.616039752960205
121,13.0,2.196366786956787
122,14.0,2.621272563934326
123,18.0,2.6854372024536133
124,11.0,2.2701404094696045
125,8.0,1.8167040348052979
126,16.0,2.908690929412842
127,9.0,2.3768579959869385
128,9.0,2.55627703666687
129,9.0,2.357834815979004
130,9.0,2.38783597946167
131,9.0,2.5329084396362305
132,8.0,1.9735184907913208
133,13.0,3.8890867233276367
134,10.0,3.4219093322753906
135,9.0,2.5773587226867676
136,9.0,2.7693114280700684
137,8.0,2.148122787475586
138,9.0,2.758596420288086
139,10.0,3.3556020259857178
140,9.0,2.813930034637451
141,9.0,2.726252555847168
142,9.0,2.952029228210449
143,10.0,3.5627262592315674
144,8.0,2.1458990573883057
145,13.0,4.3774895668029785
146,10.0,3.7274603843688965
147,10.0,3.7187392711639404
148,9.0,3.0899910926818848
149,15.0,0.0063067590817809105
150,9.0,2.9693171977996826
151,9.0,2.9634628295898438
152,10.0,3.9963455200195312
153,10.0,3.8786768913269043
154,8.0,2.3622758388519287
155,9.0,3.190115213394165
156,9.0,3.099381446838379
157,11.0,5.020848751068115
158,10.0,3.979011297225952
159,12.0,4.151830673217773
160,9.0,3.3494458198547363
161,11.0,5.172832012176514
162,10.0,4.011874198913574
163,8.0,2.62909197807312
164,9.0,3.4474294185638428
165,9.0,3.4120121002197266
166,8.0,2.547600269317627
167,9.0,3.4098925590515137
168,8.0,2.5216355323791504
169,10.0,4.078155517578125
170,8.0,2.6595964431762695
171,9.0,3.5645270347595215
172,10.0,4.56678581237793
173,9.0,3.4425361156463623
174,9.0,3.579749345779419
175,9.0,3.49737548828125
176,9.0,3.533987522125244
177,9.0,3.6462063789367676
178,9.0,3.4831080436706543
179,9.0,3.7753238677978516
180,10.0,4.50051212310791
181,9.0,3.6218411922454834
182,9.0,3.786532402038574
183,9.0,3.603039264678955
184,10.0,4.481195449829102
185,9.0,3.6532039642333984
186,9.0,3.7459590435028076
187,10.0,4.675566673278809
188,9.0,3.7525041103363037
189,10.0,4.8868303298950195
190,9.0,3.9455442428588867
191,11.0,3.72074556350708
192,9.0,3.792325973510742
193,10.0,4.789747714996338
194,10.0,4.536696434020996
195,9.0,3.538112163543701
196,10.0,4.835046768188477
197,8.0,2.8658995628356934
198,9.0,3.6930124759674072
199,9.0,3.7228386402130127
200,9.0,3.8712713718414307
201,9.0,3.7541582584381104
202,10.0,4.809068202972412
203,10.0,4.840167999267578
204,8.0,2.983469009399414
205,10.0,4.9453935623168945
206,9.0,3.906816005706787
207,9.0,3.8973522186279297
208,14.0,4.662267208099365
209,9.0,3.766118049621582
210,11.0,6.114169120788574
211,10.0,5.147113800048828
212,10.0,4.770473480224609
213,9.0,3.9705348014831543
214,10.0,4.606645584106445
215,10.0,4.756608963012695
216,10.0,5.151861667633057
217,10.0,4.62690544128418
218,9.0,3.727677345275879
219,10.0,4.719878196716309
220,9.0,3.9588327407836914
221,11.0,6.029360771179199
222,10.0,5.065765857696533
223,9.0,3.9586844444274902
224,10.0,4.749592304229736
225,9.0,3.863478660583496
226,9.0,3.8620734214782715
227,10.0,4.691617012023926
228,10.0,4.840907573699951
229,10.0,5.0011515617370605
230,8.0,2.9201130867004395
231,10.0,4.761898517608643
232,9.0,3.882486343383789
233,9.0,3.966917037963867
234,8.0,2.873643398284912
235,10.0,5.129547595977783
236,10.0,4.772636890411377
237,10.0,4.827216148376465
238,9.0,3.914560079574585
239,9.0,4.074975967407227
240,8.0,2.737546443939209
241,10.0,4.693765640258789
242,8.0,2.9560039043426514
243,9.0,4.077632427215576
244,8.0,2.9436259269714355
245,10.0,5.132517337799072
246,9.0,4.1180925369262695
247,10.0,5.055536270141602
248,8.0,3.0539183616638184
249,10.0,4.81649112701416
250,9.0,4.046875953674316
251,10.0,4.672712326049805
252,9.0,3.7335081100463867
253,10.0,4.808947563171387
254,8.0,2.9496097564697266
255,10.0,5.169005870819092
256,11.0,6.0594282150268555
257,9.0,4.085675239562988
258,9.0,3.824305534362793
259,10.0,5.119226455688477
260,9.0,4.004758834838867
261,9.0,3.8521440029144287
262,11.0,6.084201335906982
263,10.0,5.1544318199157715
264,10.0,4.7219014167785645
265,9.0,3.7844035625457764
266,10.0,4.881349563598633
267,10.0,5.182309150695801
268,10.0,4.96112060546875
269,9.0,3.8192625045776367
270,9.0,3.9602110385894775
271,10.0,4.832270622253418
272,9.0,3.746309280395508
273,9.0,3.884033441543579
274,11.0,6.133293151855469
275,9.0,3.8493809700012207
276,10.0,4.847316741943359
277,10.0,5.058298110961914
278,9.0,3.8620033264160156
279,9.0,3.935364246368408
280,10.0,4.904297828674316
281,10.0,4.76243782043457
282,9.0,4.016282081604004
283,8.0,2.974459171295166
284,10.0,4.97889518737793
285,10.0,4.955631732940674
286,10.0,4.925528049468994
287,10.0,4.718764305114746
288,10.0,5.0465569496154785
289,9.0,3.8392999172210693
290,8.0,3.069429874420166
291,10.0,5.052118301391602
292,9.0,4.1435346603393555
293,10.0,5.082193374633789
294,9.0,4.097668647766113
295,10.0,4.797390937805176
296,9.0,3.8939082622528076
297,11.0,5.966137886047363
298,9.0,4.123686790466309
299,10.0,4.845503807067871
300,9.0,3.8119192123413086
301,12.0,4.999599456787109
302,10.0,4.914379119873047
303,9.0,3.936248540878296
304,8.0,2.9911274909973145
305,8.0,2.87046217918396
306,10.0,5.108704566955566
307,9.0,3.806857109069824
308,9.0,4.117480278015137
309,8.0,3.018972873687744
310,10.0,5.066131114959717
311,8.0,2.9858827590942383
312,9.0,4.003780364990234
313,8.0,2.937882661819458
314,8.0,2.984065055847168
315,10.0,4.9449968338012695
316,10.0,4.941729545593262
317,10.0,4.995205879211426
318,10.0,5.130505084991455
319,10.0,5.162202835083008
320,8.0,2.8885498046875
321,10.0,5.0354695320129395
322,10.0,5.036994934082031
323,10.0,5.015464782714844
324,10.0,5.117783546447754
325,9.0,3.8758339881896973
326,10.0,4.950920104980469
327,9.0,3.9280736446380615
328,9.0,3.940495729446411
329,9.0,4.004772186279297
330,10.0,5.160217761993408
331,10.0,4.89241361618042
332,10.0,4.950385093688965
333,9.0,3.9434568881988525
334,10.0,4.891020774841309
335,9.0,4.00763463973999
336,10.0,2.923962354660034
337,8.0,3.009939193725586
338,9.0,3.888908624649048
339,9.0,4.232527256011963
340,9.0,4.0820417404174805
341,10.0,5.240838050842285
342,10.0,5.339479446411133
343,8.0,3.1514220237731934
344,9.0,4.105900764465332
345,9.0,3.968641519546509
346,9.0,4.052181720733643
347,10.0,5.208520889282227
348,10.0,5.198106288909912
349,10.0,5.133694648742676
350,9.0,4.091127872467041
351,10.0,5.16431188583374
352,10.0,5.099937438964844
353,9.0,4.115192413330078
354,10.0,5.347168922424316
355,10.0,4.7749481201171875
356,9.0,3.8853776454925537
357,10.0,5.13874626159668
358,9.0,4.214638710021973
359,9.0,4.210582256317139
360,9.0,4.204836368560791
361,9.0,4.236222743988037
362,10.0,5.1770806312561035
363,9.0,4.073441982269287
364,8.0,3.115847587585449
365,9.0,3.9002931118011475
366,10.0,5.395888328552246
367,9.0,4.168654441833496
368,10.0,5.111130714416504
369,8.0,3.2476251125335693
370,10.0,5.093569278717041
371,11.0,6.435484886169434
372,10.0,5.375702857971191
373,9.0,4.106637954711914
374,9.0,4.266200065612793
375,9.0,4.17675256729126
376,10.0,5.338243007659912
377,10.0,5.315952301025391
378,10.0,5.538577079772949
379,9.0,4.221621990203857
380,10.0,5.222069263458252
381,10.0,5.036670684814453
382,8.0,3.1013879776000977
383,9.0,4.453099250793457
384,9.0,4.16908073425293
385,10.0,5.236127853393555
386,10.0,5.462214469909668
387,8.0,3.118086576461792
388,10.0,5.250136375427246
389,10.0,5.374025344848633
390,10.0,4.999746322631836
391,11.0,6.580842018127441
392,8.0,3.2480530738830566
393,10.0,5.414468288421631
394,10.0,5.264389991760254
395,8.0,3.0430870056152344
396,9.0,4.270872116088867
397,10.0,5.602603912353516
398,10.0,5.183237552642822
399,9.0,4.327205657958984
400,10.0,5.119078636169434
401,9.0,4.127113342285156
402,9.0,4.280366897583008
403,10.0,5.14945650100708
404,10.0,5.128453254699707
405,8.0,3.346623420715332
406,9.0,4.434149742126465
407,10.0,5.346488952636719
408,11.0,6.4945068359375
409,9.0,4.140862464904785
410,9.0,4.202051162719727
411,9.0,4.351180553436279
412,8.0,3.2500829696655273
413,9.0,4.323026657104492
414,10.0,5.248584747314453
415,10.0,5.4017205238342285
416,9.0,4.174674034118652
417,10.0,5.23183536529541
418,10.0,5.241666793823242
419,11.0,6.530173301696777
420,9.0,4.182806491851807
421,9.0,4.337413787841797
422,11.0,6.661285400390625
423,9.0,4.477634429931641
424,10.0,5.1073079109191895
425,10.0,5.100266456604004
426,10.0,4.99650764465332
427,8.0,3.2349014282226562
428,10.0,5.660683631896973
429,8.0,3.021059274673462
430,8.0,3.31854510307312
431,9.0,4.106724739074707
432,10.0,5.5163750648498535
433,9.0,4.2957000732421875
434,10.0,5.047774314880371
435,9.0,4.210733413696289
436,10.0,5.384476661682129
437,10.0,5.280126571655273
438,15.0,4.135487079620361
439,11.0,6.694153785705566
440,10.0,5.27269172668457
441,10.0,5.104870319366455
442,10.0,5.2746195793151855
443,9.0,4.272690773010254
444,10.0,5.564396858215332
445,9.0,4.235742092132568
446,10.0,5.164556503295898
447,10.0,5.329614162445068
448,9.0,4.2923760414123535
449,9.0,4.168547630310059
450,8.0,3.3231287002563477
451,10.0,5.114840507507324
452,9.0,4.271353244781494
453,10.0,5.422749996185303
454,9.0,4.3197922706604
455,9.0,4.152070999145508
456,9.0,4.542575836181641
457,21.0,8.302655220031738
458,10.0,5.148670196533203
459,10.0,5.550509452819824
460,9.0,4.278526782989502
461,9.0,4.227913856506348
462,11.0,6.521209239959717
463,10.0,5.424239158630371
464,10.0,5.407045364379883
465,9.0,4.373482704162598
466,9.0,4.272636413574219
467,8.0,3.3810501098632812
468,10.0,5.266725063323975
469,9.0,4.172862529754639
470,10.0,5.241621017456055
471,9.0,4.136784553527832
472,10.0,5.192659854888916
473,10.0,5.536352634429932
474,9.0,4.174044132232666
475,10.0,5.3310322761535645
476,10.0,5.491806507110596
477,9.0,4.447444915771484
478,11.0,4.393281936645508
479,16.0,0.0007215786026790738
480,8.0,3.10844349861145
481,9.0,4.463531970977783
482,10.0,5.1025238037109375
483,9.0,4.186319828033447
484,10.0,5.174201011657715
485,9.0,4.140104293823242
486,9.0,4.292291641235352
487,9.0,4.1806840896606445
488,9.0,4.416386127471924
489,11.0,6.68597412109375
490,10.0,5.292964458465576
491,9.0,4.09586238861084
492,11.0,6.742927551269531
493,8.0,3.227277994155884
494,10.0,5.046708106994629
495,9.0,4.288820743560791
496,9.0,4.15871524810791
497,8.0,3.1773080825805664
498,10.0,5.301713466644287
499,9.0,4.340355396270752
